【整租】乐乎公寓 黄村 海子角店,黄村,1850-2450,30,http://bj.58.com/pinpaigongyu/30157754385616x.shtml
【合租】北七家 白各庄新村 4室主卧,白各庄新村,1390,30,http://bj.58.com/pinpaigongyu/30348127482180x.shtml
【整租】熊猫公寓 南磨房 北工大店,南磨房,4100-4250,30,http://bj.58.com/pinpaigongyu/30333420346057x.shtml
【合租】西三旗 东村家园 3室主卧,东村家园,2200,20,http://bj.58.com/pinpaigongyu/30347875530319x.shtml
【合租】龙泽 新龙城 3室主卧,新龙城,2400,25,http://bj.58.com/pinpaigongyu/30000794165553x.shtml
【整租】熊猫公寓 南磨房 北工大店,南磨房,3000-4200,25,http://bj.58.com/pinpaigongyu/30335794148925x.shtml
【合租】回龙观 新龙城二期 4室主卧,新龙城二期,1950,20,http://bj.58.com/pinpaigongyu/29905246659247x.shtml
【整租】乐乎公寓 十里河 十里河店,十里河,3100-3500,30,http://bj.58.com/pinpaigongyu/30334110266812x.shtml
【合租】回龙观 紫金新干线四区 3室主卧,紫金新干线四区,1660,20,http://bj.58.com/pinpaigongyu/30343696344626x.shtml
【合租】上地 怡美家园 3室次卧,怡美家园,1850,22,http://bj.58.com/pinpaigongyu/30256861858876x.shtml
【合租】黄村 佟家园小区 3室次卧,佟家园小区,1280,14,http://bj.58.com/pinpaigongyu/30337494006200x.shtml
【整租】好客公寓 亦庄 好客公寓,亦庄,2700-2800,25,http://bj.58.com/pinpaigongyu/29127784775733x.shtml
【合租】黄村 佟家园小区 3室主卧,佟家园小区,1560,17,http://bj.58.com/pinpaigongyu/30137283102922x.shtml
【合租】四惠 东恒时代三期 1室主卧,东恒时代三期,3000,28,http://bj.58.com/pinpaigongyu/30345289440836x.shtml
【合租】物资学院路 新建村 3室主卧,新建村,1860,18,http://bj.58.com/pinpaigongyu/30343525344320x.shtml
【整租】好客公寓 亦庄 好客公寓,亦庄,3300-3500,25,http://bj.58.com/pinpaigongyu/29071474815542x.shtml
【合租】黄村 佟家园小区 3室主卧,佟家园小区,1560,18,http://bj.58.com/pinpaigongyu/30148115943337x.shtml
【合租】黄村 佟家园小区 3室次卧,佟家园小区,1180,15,http://bj.58.com/pinpaigongyu/30135446510257x.shtml
【合租】黄村 佟家园小区 3室主卧,佟家园小区,1560,18,http://bj.58.com/pinpaigongyu/30156512520907x.shtml
【合租】西二旗 智学苑 3室主卧,智学苑,2180,20,http://bj.58.com/pinpaigongyu/30144862920392x.shtml
【整租】乐乎公寓 黄村 海子角店,黄村,1850-2450,30,http://bj.58.com/pinpaigongyu/30157754385616x.shtml
【合租】北七家 白各庄新村 4室主卧,白各庄新村,1390,30,http://bj.58.com/pinpaigongyu/30348127482180x.shtml
【整租】熊猫公寓 南磨房 北工大店,南磨房,4100-4250,30,http://bj.58.com/pinpaigongyu/30333420346057x.shtml
【合租】西三旗 东村家园 3室主卧,东村家园,2200,20,http://bj.58.com/pinpaigongyu/30347875530319x.shtml
【合租】龙泽 新龙城 3室主卧,新龙城,2400,25,http://bj.58.com/pinpaigongyu/30000794165553x.shtml
【整租】熊猫公寓 南磨房 北工大店,南磨房,3000-4200,25,http://bj.58.com/pinpaigongyu/30335794148925x.shtml
【合租】回龙观 新龙城二期 4室主卧,新龙城二期,1950,20,http://bj.58.com/pinpaigongyu/29905246659247x.shtml
【整租】乐乎公寓 十里河 十里河店,十里河,3100-3500,30,http://bj.58.com/pinpaigongyu/30334110266812x.shtml
【合租】回龙观 紫金新干线四区 3室主卧,紫金新干线四区,1660,20,http://bj.58.com/pinpaigongyu/30343696344626x.shtml
【合租】上地 怡美家园 3室次卧,怡美家园,1850,22,http://bj.58.com/pinpaigongyu/30256861858876x.shtml
【合租】黄村 佟家园小区 3室主卧,佟家园小区,1480,18,http://bj.58.com/pinpaigongyu/30344838609602x.shtml
【整租】好客公寓 亦庄 好客公寓,亦庄,2700-2800,25,http://bj.58.com/pinpaigongyu/29127784775733x.shtml
【合租】九棵树 K2玉兰湾 4室主卧,K2玉兰湾,1950,20,http://bj.58.com/pinpaigongyu/30334852643651x.shtml
【合租】黄村 佟家园小区 3室次卧,佟家园小区,1280,14,http://bj.58.com/pinpaigongyu/30337494006200x.shtml
【整租】管庄 华龙美树 1室0厅,华龙美树,1900,25,http://bj.58.com/pinpaigongyu/30335318289460x.shtml
【整租】好客公寓 亦庄 好客公寓,亦庄,3300-3500,25,http://bj.58.com/pinpaigongyu/29071474815542x.shtml
【合租】四惠 东恒时代三期 1室主卧,东恒时代三期,3000,28,http://bj.58.com/pinpaigongyu/30345289440836x.shtml
【合租】物资学院路 新建村 3室主卧,新建村,1860,18,http://bj.58.com/pinpaigongyu/30343525344320x.shtml
【合租】四惠 东恒时代一期 3室主卧,东恒时代一期,2550,18,http://bj.58.com/pinpaigongyu/30344407288618x.shtml
【合租】黄村 佟家园小区 3室主卧,佟家园小区,1560,18,http://bj.58.com/pinpaigongyu/30148115943337x.shtml
【整租】乐乎公寓 黄村 海子角店,黄村,1850-2450,30,http://bj.58.com/pinpaigongyu/30157754385616x.shtml
【合租】北七家 白各庄新村 4室主卧,白各庄新村,1390,30,http://bj.58.com/pinpaigongyu/30348127482180x.shtml
【整租】熊猫公寓 南磨房 北工大店,南磨房,4100-4250,30,http://bj.58.com/pinpaigongyu/30333420346057x.shtml
【合租】西三旗 东村家园 3室主卧,东村家园,2200,20,http://bj.58.com/pinpaigongyu/30347875530319x.shtml
【合租】龙泽 新龙城 3室主卧,新龙城,2400,25,http://bj.58.com/pinpaigongyu/30000794165553x.shtml
【整租】熊猫公寓 南磨房 北工大店,南磨房,3000-4200,25,http://bj.58.com/pinpaigongyu/30335794148925x.shtml
【合租】回龙观 新龙城二期 4室主卧,新龙城二期,1950,20,http://bj.58.com/pinpaigongyu/29905246659247x.shtml
【整租】乐乎公寓 十里河 十里河店,十里河,3100-3500,30,http://bj.58.com/pinpaigongyu/30334110266812x.shtml
【合租】回龙观 紫金新干线四区 3室主卧,紫金新干线四区,1660,20,http://bj.58.com/pinpaigongyu/30343696344626x.shtml
【合租】上地 怡美家园 3室次卧,怡美家园,1850,22,http://bj.58.com/pinpaigongyu/30256861858876x.shtml
【合租】黄村 佟家园小区 3室主卧,佟家园小区,1480,18,http://bj.58.com/pinpaigongyu/30344838609602x.shtml
【整租】好客公寓 亦庄 好客公寓,亦庄,2700-2800,25,http://bj.58.com/pinpaigongyu/29127784775733x.shtml
【合租】北苑 紫绶园 3室次卧,紫绶园,1940,19,http://bj.58.com/pinpaigongyu/30144819949380x.shtml
【合租】西北旺 大牛坊二期 3室主卧,大牛坊二期,2090,19,http://bj.58.com/pinpaigongyu/30348373075021x.shtml
【合租】西二旗 领秀硅谷3区 4室次卧,领秀硅谷3区,2400,16,http://bj.58.com/pinpaigongyu/30149537987522x.shtml
【整租】好客公寓 亦庄 好客公寓,亦庄,3300-3500,25,http://bj.58.com/pinpaigongyu/29071474815542x.shtml
【合租】黄村 佟家园小区 3室次卧,佟家园小区,1280,14,http://bj.58.com/pinpaigongyu/30337494006200x.shtml
【整租】管庄 华龙美树 1室0厅,华龙美树,1900,25,http://bj.58.com/pinpaigongyu/30335318289460x.shtml
【合租】黄村 佟家园小区 3室主卧,佟家园小区,1560,17,http://bj.58.com/pinpaigongyu/30137283102922x.shtml
【合租】四惠 东恒时代三期 1室主卧,东恒时代三期,3000,28,http://bj.58.com/pinpaigongyu/30345289440836x.shtml
【整租】乐乎公寓 黄村 海子角店,黄村,1850-2450,30,http://bj.58.com/pinpaigongyu/30157754385616x.shtml
【合租】北七家 白各庄新村 4室主卧,白各庄新村,1390,30,http://bj.58.com/pinpaigongyu/30348127482180x.shtml
【整租】熊猫公寓 南磨房 北工大店,南磨房,4100-4250,30,http://bj.58.com/pinpaigongyu/30333420346057x.shtml
【合租】西三旗 东村家园 3室主卧,东村家园,2200,20,http://bj.58.com/pinpaigongyu/30347875530319x.shtml
【合租】龙泽 新龙城 3室主卧,新龙城,2400,25,http://bj.58.com/pinpaigongyu/30000794165553x.shtml
【整租】熊猫公寓 南磨房 北工大店,南磨房,3000-4200,25,http://bj.58.com/pinpaigongyu/30335794148925x.shtml
【合租】回龙观 新龙城二期 4室主卧,新龙城二期,1950,20,http://bj.58.com/pinpaigongyu/29905246659247x.shtml
【整租】乐乎公寓 十里河 十里河店,十里河,3100-3500,30,http://bj.58.com/pinpaigongyu/30334110266812x.shtml
【合租】回龙观 紫金新干线四区 3室主卧,紫金新干线四区,1660,20,http://bj.58.com/pinpaigongyu/30343696344626x.shtml
【合租】上地 怡美家园 3室次卧,怡美家园,1850,22,http://bj.58.com/pinpaigongyu/30256861858876x.shtml
【合租】黄村 佟家园小区 3室主卧,佟家园小区,1480,18,http://bj.58.com/pinpaigongyu/30344838609602x.shtml
【整租】好客公寓 亦庄 好客公寓,亦庄,2700-2800,25,http://bj.58.com/pinpaigongyu/29127784775733x.shtml
【合租】北苑 紫绶园 3室次卧,紫绶园,1940,19,http://bj.58.com/pinpaigongyu/30144819949380x.shtml
【合租】西北旺 大牛坊二期 3室主卧,大牛坊二期,2090,19,http://bj.58.com/pinpaigongyu/30348373075021x.shtml
【合租】西二旗 领秀硅谷3区 4室次卧,领秀硅谷3区,2400,16,http://bj.58.com/pinpaigongyu/30149537987522x.shtml
【整租】好客公寓 亦庄 好客公寓,亦庄,3300-3500,25,http://bj.58.com/pinpaigongyu/29071474815542x.shtml
【合租】黄村 佟家园小区 3室次卧,佟家园小区,1280,14,http://bj.58.com/pinpaigongyu/30337494006200x.shtml
【整租】管庄 华龙美树 1室0厅,华龙美树,1900,25,http://bj.58.com/pinpaigongyu/30335318289460x.shtml
【合租】黄村 佟家园小区 3室主卧,佟家园小区,1560,17,http://bj.58.com/pinpaigongyu/30137283102922x.shtml
【合租】四惠 东恒时代三期 1室主卧,东恒时代三期,3000,28,http://bj.58.com/pinpaigongyu/30345289440836x.shtml
【整租】乐乎公寓 黄村 海子角店,黄村,1850-2450,30,http://bj.58.com/pinpaigongyu/30157754385616x.shtml
【合租】北七家 白各庄新村 4室主卧,白各庄新村,1390,30,http://bj.58.com/pinpaigongyu/30348127482180x.shtml
【整租】熊猫公寓 南磨房 北工大店,南磨房,4100-4250,30,http://bj.58.com/pinpaigongyu/30333420346057x.shtml
【合租】西三旗 东村家园 3室主卧,东村家园,2200,20,http://bj.58.com/pinpaigongyu/30347875530319x.shtml
【合租】龙泽 新龙城 3室主卧,新龙城,2400,25,http://bj.58.com/pinpaigongyu/30000794165553x.shtml
【整租】熊猫公寓 南磨房 北工大店,南磨房,3000-4200,25,http://bj.58.com/pinpaigongyu/30335794148925x.shtml
【合租】回龙观 新龙城二期 4室主卧,新龙城二期,1950,20,http://bj.58.com/pinpaigongyu/29905246659247x.shtml
【整租】乐乎公寓 十里河 十里河店,十里河,3100-3500,30,http://bj.58.com/pinpaigongyu/30334110266812x.shtml
【合租】回龙观 紫金新干线四区 3室主卧,紫金新干线四区,1660,20,http://bj.58.com/pinpaigongyu/30343696344626x.shtml
【合租】上地 怡美家园 3室次卧,怡美家园,1850,22,http://bj.58.com/pinpaigongyu/30256861858876x.shtml
【合租】管庄 北京新天地西区 3室主卧,北京新天地西区,2180,14,http://bj.58.com/pinpaigongyu/30156841959114x.shtml
【整租】好客公寓 亦庄 好客公寓,亦庄,2700-2800,25,http://bj.58.com/pinpaigongyu/29127784775733x.shtml
【合租】黄村 佟家园小区 3室主卧,佟家园小区,1480,18,http://bj.58.com/pinpaigongyu/30344838609602x.shtml
【合租】九棵树 K2玉兰湾 5室次卧,K2玉兰湾,1700,18,http://bj.58.com/pinpaigongyu/30134988938794x.shtml
【合租】北苑 紫绶园 3室次卧,紫绶园,1940,19,http://bj.58.com/pinpaigongyu/30144819949380x.shtml
【整租】好客公寓 亦庄 好客公寓,亦庄,3300-3500,25,http://bj.58.com/pinpaigongyu/29071474815542x.shtml
【合租】西二旗 领秀硅谷3区 4室次卧,领秀硅谷3区,2400,16,http://bj.58.com/pinpaigongyu/30149537987522x.shtml
【合租】九棵树 K2玉兰湾 4室主卧,K2玉兰湾,1950,20,http://bj.58.com/pinpaigongyu/30334852643651x.shtml
【合租】黄村 佟家园小区 3室次卧,佟家园小区,1280,14,http://bj.58.com/pinpaigongyu/30337494006200x.shtml
【整租】管庄 华龙美树 1室0厅,华龙美树,1900,25,http://bj.58.com/pinpaigongyu/30335318289460x.shtml
【整租】乐乎公寓 黄村 海子角店,黄村,1850-2450,30,http://bj.58.com/pinpaigongyu/30157754385616x.shtml
【合租】北七家 白各庄新村 4室主卧,白各庄新村,1390,30,http://bj.58.com/pinpaigongyu/30348127482180x.shtml
【整租】熊猫公寓 南磨房 北工大店,南磨房,4100-4250,30,http://bj.58.com/pinpaigongyu/30333420346057x.shtml
【合租】西三旗 东村家园 3室主卧,东村家园,2200,20,http://bj.58.com/pinpaigongyu/30347875530319x.shtml
【合租】龙泽 新龙城 3室主卧,新龙城,2400,25,http://bj.58.com/pinpaigongyu/30000794165553x.shtml
【整租】熊猫公寓 南磨房 北工大店,南磨房,3000-4200,25,http://bj.58.com/pinpaigongyu/30335794148925x.shtml
【合租】回龙观 新龙城二期 4室主卧,新龙城二期,1950,20,http://bj.58.com/pinpaigongyu/29905246659247x.shtml
【整租】乐乎公寓 十里河 十里河店,十里河,3100-3500,30,http://bj.58.com/pinpaigongyu/30334110266812x.shtml
【合租】回龙观 紫金新干线四区 3室主卧,紫金新干线四区,1660,20,http://bj.58.com/pinpaigongyu/30343696344626x.shtml
【合租】上地 怡美家园 3室次卧,怡美家园,1850,22,http://bj.58.com/pinpaigongyu/30256861858876x.shtml
【合租】管庄 北京新天地西区 3室主卧,北京新天地西区,2180,14,http://bj.58.com/pinpaigongyu/30156841959114x.shtml
【整租】好客公寓 亦庄 好客公寓,亦庄,2700-2800,25,http://bj.58.com/pinpaigongyu/29127784775733x.shtml
【合租】黄村 佟家园小区 3室主卧,佟家园小区,1480,18,http://bj.58.com/pinpaigongyu/30344838609602x.shtml
【合租】九棵树 K2玉兰湾 5室次卧,K2玉兰湾,1700,18,http://bj.58.com/pinpaigongyu/30134988938794x.shtml
【合租】北苑 紫绶园 3室次卧,紫绶园,1940,19,http://bj.58.com/pinpaigongyu/30144819949380x.shtml
【整租】好客公寓 亦庄 好客公寓,亦庄,3300-3500,25,http://bj.58.com/pinpaigongyu/29071474815542x.shtml
【合租】西二旗 领秀硅谷3区 4室次卧,领秀硅谷3区,2400,16,http://bj.58.com/pinpaigongyu/30149537987522x.shtml
【合租】九棵树 K2玉兰湾 4室主卧,K2玉兰湾,1950,20,http://bj.58.com/pinpaigongyu/30334852643651x.shtml
【合租】黄村 佟家园小区 3室次卧,佟家园小区,1280,14,http://bj.58.com/pinpaigongyu/30337494006200x.shtml
【整租】管庄 华龙美树 1室0厅,华龙美树,1900,25,http://bj.58.com/pinpaigongyu/30335318289460x.shtml
【整租】乐乎公寓 黄村 海子角店,黄村,1850-2450,30,http://bj.58.com/pinpaigongyu/30157754385616x.shtml
【整租】双井 乐乎公寓 1室1厅,【整租】双井,3999,40,http://bj.58.com/pinpaigongyu/30336479804873x.shtml
【整租】熊猫公寓 南磨房 北工大店,南磨房,4100-4250,30,http://bj.58.com/pinpaigongyu/30333420346057x.shtml
【合租】北七家 白各庄新村 4室主卧,白各庄新村,1390,30,http://bj.58.com/pinpaigongyu/30348127482180x.shtml
【合租】回龙观 龙兴园西区 3室主卧,龙兴园西区,1950,20,http://bj.58.com/pinpaigongyu/30347826460201x.shtml
【整租】熊猫公寓 南磨房 北工大店,南磨房,3000-4200,25,http://bj.58.com/pinpaigongyu/30335794148925x.shtml
【合租】龙泽 新龙城 3室主卧,新龙城,2400,25,http://bj.58.com/pinpaigongyu/30000794165553x.shtml
【整租】乐乎公寓 十里河 十里河店,十里河,3100-3500,30,http://bj.58.com/pinpaigongyu/30334110266812x.shtml
【合租】回龙观 新龙城二期 4室主卧,新龙城二期,1950,20,http://bj.58.com/pinpaigongyu/29905246659247x.shtml
【整租】大望路 百子湾 乐乎青 1室1厅,百子湾,4299,35,http://bj.58.com/pinpaigongyu/30335458482356x.shtml
【合租】管庄 北京新天地西区 3室主卧,北京新天地西区,2180,14,http://bj.58.com/pinpaigongyu/30156841959114x.shtml
【整租】好客公寓 亦庄 好客公寓,亦庄,2700-2800,25,http://bj.58.com/pinpaigongyu/29127784775733x.shtml
【合租】黄村 佟家园小区 3室主卧,佟家园小区,1480,18,http://bj.58.com/pinpaigongyu/30344838609602x.shtml
【合租】九棵树 K2玉兰湾 5室次卧,K2玉兰湾,1700,18,http://bj.58.com/pinpaigongyu/30134988938794x.shtml
【合租】北苑 紫绶园 3室次卧,紫绶园,1940,19,http://bj.58.com/pinpaigongyu/30144819949380x.shtml
【整租】好客公寓 亦庄 好客公寓,亦庄,3300-3500,25,http://bj.58.com/pinpaigongyu/29071474815542x.shtml
【合租】西二旗 领秀硅谷3区 4室次卧,领秀硅谷3区,2400,16,http://bj.58.com/pinpaigongyu/30149537987522x.shtml
【合租】九棵树 K2玉兰湾 4室主卧,K2玉兰湾,1950,20,http://bj.58.com/pinpaigongyu/30334852643651x.shtml
【合租】黄村 佟家园小区 3室次卧,佟家园小区,1280,14,http://bj.58.com/pinpaigongyu/30337494006200x.shtml
【整租】管庄 华龙美树 1室0厅,华龙美树,1900,25,http://bj.58.com/pinpaigongyu/30335318289460x.shtml
【整租】乐乎公寓 黄村 海子角店,黄村,1850-2450,30,http://bj.58.com/pinpaigongyu/30157754385616x.shtml
【整租】双井 乐乎公寓 1室1厅,【整租】双井,3999,40,http://bj.58.com/pinpaigongyu/30336479804873x.shtml
【整租】熊猫公寓 南磨房 北工大店,南磨房,4100-4250,30,http://bj.58.com/pinpaigongyu/30333420346057x.shtml
【合租】北七家 白各庄新村 4室主卧,白各庄新村,1390,30,http://bj.58.com/pinpaigongyu/30348127482180x.shtml
【合租】回龙观 龙兴园西区 3室主卧,龙兴园西区,1950,20,http://bj.58.com/pinpaigongyu/30347826460201x.shtml
【整租】熊猫公寓 南磨房 北工大店,南磨房,3000-4200,25,http://bj.58.com/pinpaigongyu/30335794148925x.shtml
【合租】龙泽 新龙城 3室主卧,新龙城,2400,25,http://bj.58.com/pinpaigongyu/30000794165553x.shtml
【整租】乐乎公寓 十里河 十里河店,十里河,3100-3500,30,http://bj.58.com/pinpaigongyu/30334110266812x.shtml
【合租】回龙观 新龙城二期 4室主卧,新龙城二期,1950,20,http://bj.58.com/pinpaigongyu/29905246659247x.shtml
【整租】大望路 百子湾 乐乎青 1室1厅,百子湾,4299,35,http://bj.58.com/pinpaigongyu/30335458482356x.shtml
【合租】管庄 北京新天地西区 3室主卧,北京新天地西区,2180,14,http://bj.58.com/pinpaigongyu/30156841959114x.shtml
【整租】好客公寓 亦庄 好客公寓,亦庄,2700-2800,25,http://bj.58.com/pinpaigongyu/29127784775733x.shtml
【合租】黄村 佟家园小区 3室主卧,佟家园小区,1480,18,http://bj.58.com/pinpaigongyu/30344838609602x.shtml
【合租】九棵树 K2玉兰湾 5室次卧,K2玉兰湾,1700,18,http://bj.58.com/pinpaigongyu/30134988938794x.shtml
【合租】北苑 紫绶园 3室次卧,紫绶园,1940,19,http://bj.58.com/pinpaigongyu/30144819949380x.shtml
【整租】好客公寓 亦庄 好客公寓,亦庄,3300-3500,25,http://bj.58.com/pinpaigongyu/29071474815542x.shtml
【合租】西二旗 领秀硅谷3区 4室次卧,领秀硅谷3区,2400,16,http://bj.58.com/pinpaigongyu/30149537987522x.shtml
【合租】九棵树 K2玉兰湾 4室主卧,K2玉兰湾,1950,20,http://bj.58.com/pinpaigongyu/30334852643651x.shtml
【合租】黄村 佟家园小区 3室次卧,佟家园小区,1280,14,http://bj.58.com/pinpaigongyu/30337494006200x.shtml
【整租】管庄 华龙美树 1室0厅,华龙美树,1900,25,http://bj.58.com/pinpaigongyu/30335318289460x.shtml
【整租】乐乎公寓 黄村 海子角店,黄村,1850-2450,30,http://bj.58.com/pinpaigongyu/30157754385616x.shtml
【整租】双井 乐乎公寓 1室1厅,【整租】双井,3999,40,http://bj.58.com/pinpaigongyu/30336479804873x.shtml
【整租】熊猫公寓 南磨房 北工大店,南磨房,4100-4250,30,http://bj.58.com/pinpaigongyu/30333420346057x.shtml
【合租】北七家 白各庄新村 4室主卧,白各庄新村,1390,30,http://bj.58.com/pinpaigongyu/30348127482180x.shtml
【合租】回龙观 龙兴园西区 3室主卧,龙兴园西区,1950,20,http://bj.58.com/pinpaigongyu/30347826460201x.shtml
【整租】熊猫公寓 南磨房 北工大店,南磨房,3000-4200,25,http://bj.58.com/pinpaigongyu/30335794148925x.shtml
【合租】龙泽 新龙城 3室主卧,新龙城,2400,25,http://bj.58.com/pinpaigongyu/30000794165553x.shtml
【整租】乐乎公寓 十里河 十里河店,十里河,3100-3500,30,http://bj.58.com/pinpaigongyu/30334110266812x.shtml
【合租】回龙观 新龙城二期 4室主卧,新龙城二期,1950,20,http://bj.58.com/pinpaigongyu/29905246659247x.shtml
【整租】大望路 百子湾 乐乎青 1室1厅,百子湾,4299,35,http://bj.58.com/pinpaigongyu/30335458482356x.shtml
【合租】朝青板块 雅成一里 3室主卧,雅成一里,2680,12,http://bj.58.com/pinpaigongyu/30135905692997x.shtml
【整租】好客公寓 亦庄 好客公寓,亦庄,2700-2800,25,http://bj.58.com/pinpaigongyu/29127784775733x.shtml
【合租】管庄 北京新天地西区 3室主卧,北京新天地西区,2180,14,http://bj.58.com/pinpaigongyu/30156841959114x.shtml
【合租】西北旺 大牛坊一期 3室次卧,大牛坊一期,1400,16,http://bj.58.com/pinpaigongyu/30348029827131x.shtml
【合租】黄村 佟家园小区 3室主卧,佟家园小区,1480,18,http://bj.58.com/pinpaigongyu/30344838609602x.shtml
【整租】好客公寓 亦庄 好客公寓,亦庄,3300-3500,25,http://bj.58.com/pinpaigongyu/29071474815542x.shtml
【合租】北苑 紫绶园 3室次卧,紫绶园,1940,19,http://bj.58.com/pinpaigongyu/30144819949380x.shtml
【合租】西北旺 大牛坊二期 3室主卧,大牛坊二期,2090,19,http://bj.58.com/pinpaigongyu/30348373075021x.shtml
【合租】西二旗 领秀硅谷3区 4室次卧,领秀硅谷3区,2400,16,http://bj.58.com/pinpaigongyu/30149537987522x.shtml
【合租】九棵树 K2玉兰湾 4室主卧,K2玉兰湾,1950,20,http://bj.58.com/pinpaigongyu/30334852643651x.shtml
【整租】乐乎公寓 黄村 海子角店,黄村,1850-2450,30,http://bj.58.com/pinpaigongyu/30157754385616x.shtml
【整租】双井 乐乎公寓 1室1厅,【整租】双井,3999,40,http://bj.58.com/pinpaigongyu/30336479804873x.shtml
【整租】熊猫公寓 南磨房 北工大店,南磨房,4100-4250,30,http://bj.58.com/pinpaigongyu/30333420346057x.shtml
【合租】北七家 白各庄新村 4室主卧,白各庄新村,1390,30,http://bj.58.com/pinpaigongyu/30348127482180x.shtml
【合租】回龙观 龙兴园西区 3室主卧,龙兴园西区,1950,20,http://bj.58.com/pinpaigongyu/30347826460201x.shtml
【整租】熊猫公寓 南磨房 北工大店,南磨房,3000-4200,25,http://bj.58.com/pinpaigongyu/30335794148925x.shtml
【合租】龙泽 新龙城 3室主卧,新龙城,2400,25,http://bj.58.com/pinpaigongyu/30000794165553x.shtml
【整租】乐乎公寓 十里河 十里河店,十里河,3100-3500,30,http://bj.58.com/pinpaigongyu/30334110266812x.shtml
【合租】回龙观 新龙城二期 4室主卧,新龙城二期,1950,20,http://bj.58.com/pinpaigongyu/29905246659247x.shtml
【整租】大望路 百子湾 乐乎青 1室1厅,百子湾,4299,35,http://bj.58.com/pinpaigongyu/30335458482356x.shtml
【合租】朝青板块 雅成一里 3室主卧,雅成一里,2680,12,http://bj.58.com/pinpaigongyu/30135905692997x.shtml
【整租】好客公寓 亦庄 好客公寓,亦庄,2700-2800,25,http://bj.58.com/pinpaigongyu/29127784775733x.shtml
【合租】管庄 北京新天地西区 3室主卧,北京新天地西区,2180,14,http://bj.58.com/pinpaigongyu/30156841959114x.shtml
【合租】西北旺 大牛坊一期 3室次卧,大牛坊一期,1400,16,http://bj.58.com/pinpaigongyu/30348029827131x.shtml
【合租】黄村 佟家园小区 3室主卧,佟家园小区,1480,18,http://bj.58.com/pinpaigongyu/30344838609602x.shtml
【整租】好客公寓 亦庄 好客公寓,亦庄,3300-3500,25,http://bj.58.com/pinpaigongyu/29071474815542x.shtml
【合租】北苑 紫绶园 3室次卧,紫绶园,1940,19,http://bj.58.com/pinpaigongyu/30144819949380x.shtml
【合租】西北旺 大牛坊二期 3室主卧,大牛坊二期,2090,19,http://bj.58.com/pinpaigongyu/30348373075021x.shtml
【合租】西二旗 领秀硅谷3区 4室次卧,领秀硅谷3区,2400,16,http://bj.58.com/pinpaigongyu/30149537987522x.shtml
【合租】九棵树 K2玉兰湾 4室主卧,K2玉兰湾,1950,20,http://bj.58.com/pinpaigongyu/30334852643651x.shtml
【整租】乐乎公寓 黄村 海子角店,黄村,1850-2450,30,http://bj.58.com/pinpaigongyu/30157754385616x.shtml
【合租】回龙观 龙博苑一区 3室次卧,龙博苑一区,1700,25,http://bj.58.com/pinpaigongyu/30337287381684x.shtml
【整租】熊猫公寓 南磨房 北工大店,南磨房,4100-4250,30,http://bj.58.com/pinpaigongyu/30333420346057x.shtml
【整租】回龙观 新龙城 1室1厅,新龙城,4200,45,http://bj.58.com/pinpaigongyu/29934275708482x.shtml
【合租】北七家 白各庄新村 4室主卧,白各庄新村,1390,30,http://bj.58.com/pinpaigongyu/30348127482180x.shtml
【整租】熊猫公寓 南磨房 北工大店,南磨房,3000-4200,25,http://bj.58.com/pinpaigongyu/30335794148925x.shtml
【合租】西三旗 东村家园 3室主卧,东村家园,2200,20,http://bj.58.com/pinpaigongyu/30347875530319x.shtml
【整租】乐乎公寓 十里河 十里河店,十里河,3100-3500,30,http://bj.58.com/pinpaigongyu/30334110266812x.shtml
【整租】百子湾 尚帝佳公寓 1室0厅,【整租】百子湾,3000,32,http://bj.58.com/pinpaigongyu/29803642534727x.shtml
【合租】回龙观 新龙城二期 4室主卧,新龙城二期,1950,20,http://bj.58.com/pinpaigongyu/29905246659247x.shtml
【合租】四惠 通惠家园惠润园 3室主卧,通惠家园惠润园,2240,17,http://bj.58.com/pinpaigongyu/30336484483135x.shtml
【整租】好客公寓 亦庄 好客公寓,亦庄,2700-2800,25,http://bj.58.com/pinpaigongyu/29127784775733x.shtml
【合租】朝青板块 汇成家园 3室主卧,汇成家园,3880,14,http://bj.58.com/pinpaigongyu/30333969902270x.shtml
【合租】崇文门 国瑞城中区 1室主卧,国瑞城中区,2300,26,http://bj.58.com/pinpaigongyu/30343618234283x.shtml
【整租】苹果园 房东直租押一付一 1室0厅,房东直租押一付一,1100,21,http://bj.58.com/pinpaigongyu/30343248943927x.shtml
【整租】好客公寓 亦庄 好客公寓,亦庄,3300-3500,25,http://bj.58.com/pinpaigongyu/29071474815542x.shtml
【合租】西二旗 融泽嘉园8号院 3室主卧,融泽嘉园8号院,2380,23,http://bj.58.com/pinpaigongyu/30145227012547x.shtml
【合租】管庄 北京新天地西区 3室主卧,北京新天地西区,2180,14,http://bj.58.com/pinpaigongyu/30156841959114x.shtml
【合租】西北旺 大牛坊一期 3室次卧,大牛坊一期,1400,16,http://bj.58.com/pinpaigongyu/30348029827131x.shtml
【合租】黄村 佟家园小区 3室主卧,佟家园小区,1480,18,http://bj.58.com/pinpaigongyu/30344838609602x.shtml
【整租】乐乎公寓 黄村 海子角店,黄村,1850-2450,30,http://bj.58.com/pinpaigongyu/30157754385616x.shtml
【合租】回龙观 龙博苑一区 3室次卧,龙博苑一区,1700,25,http://bj.58.com/pinpaigongyu/30337287381684x.shtml
【整租】熊猫公寓 南磨房 北工大店,南磨房,4100-4250,30,http://bj.58.com/pinpaigongyu/30333420346057x.shtml
【整租】回龙观 新龙城 1室1厅,新龙城,4200,45,http://bj.58.com/pinpaigongyu/29934275708482x.shtml
【合租】北七家 白各庄新村 4室主卧,白各庄新村,1390,30,http://bj.58.com/pinpaigongyu/30348127482180x.shtml
【整租】熊猫公寓 南磨房 北工大店,南磨房,3000-4200,25,http://bj.58.com/pinpaigongyu/30335794148925x.shtml
【合租】西三旗 东村家园 3室主卧,东村家园,2200,20,http://bj.58.com/pinpaigongyu/30347875530319x.shtml
【整租】乐乎公寓 十里河 十里河店,十里河,3100-3500,30,http://bj.58.com/pinpaigongyu/30334110266812x.shtml
【整租】百子湾 尚帝佳公寓 1室0厅,【整租】百子湾,3000,32,http://bj.58.com/pinpaigongyu/29803642534727x.shtml
【合租】回龙观 新龙城二期 4室主卧,新龙城二期,1950,20,http://bj.58.com/pinpaigongyu/29905246659247x.shtml
【合租】四惠 通惠家园惠润园 3室主卧,通惠家园惠润园,2240,17,http://bj.58.com/pinpaigongyu/30336484483135x.shtml
【整租】好客公寓 亦庄 好客公寓,亦庄,2700-2800,25,http://bj.58.com/pinpaigongyu/29127784775733x.shtml
【合租】朝青板块 汇成家园 3室主卧,汇成家园,3880,14,http://bj.58.com/pinpaigongyu/30333969902270x.shtml
【合租】崇文门 国瑞城中区 1室主卧,国瑞城中区,2300,26,http://bj.58.com/pinpaigongyu/30343618234283x.shtml
【整租】苹果园 房东直租押一付一 1室0厅,房东直租押一付一,1100,21,http://bj.58.com/pinpaigongyu/30343248943927x.shtml
【整租】好客公寓 亦庄 好客公寓,亦庄,3300-3500,25,http://bj.58.com/pinpaigongyu/29071474815542x.shtml
【合租】西二旗 融泽嘉园8号院 3室主卧,融泽嘉园8号院,2380,23,http://bj.58.com/pinpaigongyu/30145227012547x.shtml
【合租】管庄 北京新天地西区 3室主卧,北京新天地西区,2180,14,http://bj.58.com/pinpaigongyu/30156841959114x.shtml
【合租】西北旺 大牛坊一期 3室次卧,大牛坊一期,1400,16,http://bj.58.com/pinpaigongyu/30348029827131x.shtml
【合租】黄村 佟家园小区 3室主卧,佟家园小区,1480,18,http://bj.58.com/pinpaigongyu/30344838609602x.shtml
【整租】乐乎公寓 黄村 海子角店,黄村,1850-2450,30,http://bj.58.com/pinpaigongyu/30157754385616x.shtml
【合租】回龙观 龙博苑一区 3室次卧,龙博苑一区,1700,25,http://bj.58.com/pinpaigongyu/30337287381684x.shtml
【整租】熊猫公寓 南磨房 北工大店,南磨房,4100-4250,30,http://bj.58.com/pinpaigongyu/30333420346057x.shtml
【整租】回龙观 新龙城 1室1厅,新龙城,4200,45,http://bj.58.com/pinpaigongyu/29934275708482x.shtml
【合租】北七家 白各庄新村 4室主卧,白各庄新村,1390,30,http://bj.58.com/pinpaigongyu/30348127482180x.shtml
【整租】熊猫公寓 南磨房 北工大店,南磨房,3000-4200,25,http://bj.58.com/pinpaigongyu/30335794148925x.shtml
【合租】西三旗 东村家园 3室主卧,东村家园,2200,20,http://bj.58.com/pinpaigongyu/30347875530319x.shtml
【整租】乐乎公寓 十里河 十里河店,十里河,3100-3500,30,http://bj.58.com/pinpaigongyu/30334110266812x.shtml
【整租】百子湾 尚帝佳公寓 1室0厅,【整租】百子湾,3000,32,http://bj.58.com/pinpaigongyu/29803642534727x.shtml
【合租】回龙观 新龙城二期 4室主卧,新龙城二期,1950,20,http://bj.58.com/pinpaigongyu/29905246659247x.shtml
【合租】亚运村 慧忠里小区 3室次卧,慧忠里小区,2200,20,http://bj.58.com/pinpaigongyu/30137351925684x.shtml
【整租】好客公寓 亦庄 好客公寓,亦庄,2700-2800,25,http://bj.58.com/pinpaigongyu/29127784775733x.shtml
【合租】回龙观 龙腾苑四区 3室次卧,龙腾苑四区,1730,17,http://bj.58.com/pinpaigongyu/30144947285444x.shtml
【合租】四惠 通惠家园惠润园 3室主卧,通惠家园惠润园,2240,17,http://bj.58.com/pinpaigongyu/30336484483135x.shtml
【合租】朝青板块 雅成一里 3室主卧,雅成一里,2680,12,http://bj.58.com/pinpaigongyu/30135905692997x.shtml
【整租】好客公寓 亦庄 好客公寓,亦庄,3300-3500,25,http://bj.58.com/pinpaigongyu/29071474815542x.shtml
【合租】崇文门 国瑞城中区 1室主卧,国瑞城中区,2300,26,http://bj.58.com/pinpaigongyu/30343618234283x.shtml
【整租】苹果园 房东直租押一付一 1室0厅,房东直租押一付一,1100,21,http://bj.58.com/pinpaigongyu/30343248943927x.shtml
【合租】黄村 佟家园小区 3室主卧,佟家园小区,1630,18,http://bj.58.com/pinpaigongyu/30147725358021x.shtml
【合租】西二旗 融泽嘉园8号院 3室主卧,融泽嘉园8号院,2380,23,http://bj.58.com/pinpaigongyu/30145227012547x.shtml
【整租】乐乎公寓 黄村 海子角店,黄村,1850-2450,30,http://bj.58.com/pinpaigongyu/30157754385616x.shtml
【合租】回龙观 龙博苑一区 3室次卧,龙博苑一区,1700,25,http://bj.58.com/pinpaigongyu/30337287381684x.shtml
【整租】熊猫公寓 南磨房 北工大店,南磨房,4100-4250,30,http://bj.58.com/pinpaigongyu/30333420346057x.shtml
【整租】回龙观 新龙城 1室1厅,新龙城,4200,45,http://bj.58.com/pinpaigongyu/29934275708482x.shtml
【合租】北七家 白各庄新村 4室主卧,白各庄新村,1390,30,http://bj.58.com/pinpaigongyu/30348127482180x.shtml
【整租】熊猫公寓 南磨房 北工大店,南磨房,3000-4200,25,http://bj.58.com/pinpaigongyu/30335794148925x.shtml
【合租】西三旗 东村家园 3室主卧,东村家园,2200,20,http://bj.58.com/pinpaigongyu/30347875530319x.shtml
【整租】乐乎公寓 十里河 十里河店,十里河,3100-3500,30,http://bj.58.com/pinpaigongyu/30334110266812x.shtml
【整租】百子湾 尚帝佳公寓 1室0厅,【整租】百子湾,3000,32,http://bj.58.com/pinpaigongyu/29803642534727x.shtml
【合租】回龙观 新龙城二期 4室主卧,新龙城二期,1950,20,http://bj.58.com/pinpaigongyu/29905246659247x.shtml
【合租】亚运村 慧忠里小区 3室次卧,慧忠里小区,2200,20,http://bj.58.com/pinpaigongyu/30137351925684x.shtml
【整租】好客公寓 亦庄 好客公寓,亦庄,2700-2800,25,http://bj.58.com/pinpaigongyu/29127784775733x.shtml
【合租】回龙观 龙腾苑四区 3室次卧,龙腾苑四区,1730,17,http://bj.58.com/pinpaigongyu/30144947285444x.shtml
【合租】四惠 通惠家园惠润园 3室主卧,通惠家园惠润园,2240,17,http://bj.58.com/pinpaigongyu/30336484483135x.shtml
【合租】朝青板块 雅成一里 3室主卧,雅成一里,2680,12,http://bj.58.com/pinpaigongyu/30135905692997x.shtml
【整租】好客公寓 亦庄 好客公寓,亦庄,3300-3500,25,http://bj.58.com/pinpaigongyu/29071474815542x.shtml
【合租】崇文门 国瑞城中区 1室主卧,国瑞城中区,2300,26,http://bj.58.com/pinpaigongyu/30343618234283x.shtml
【整租】苹果园 房东直租押一付一 1室0厅,房东直租押一付一,1100,21,http://bj.58.com/pinpaigongyu/30343248943927x.shtml
【合租】黄村 佟家园小区 3室主卧,佟家园小区,1630,18,http://bj.58.com/pinpaigongyu/30147725358021x.shtml
【合租】西二旗 融泽嘉园8号院 3室主卧,融泽嘉园8号院,2380,23,http://bj.58.com/pinpaigongyu/30145227012547x.shtml
【整租】乐乎公寓 黄村 海子角店,黄村,1850-2450,30,http://bj.58.com/pinpaigongyu/30157754385616x.shtml
【合租】回龙观 龙博苑一区 3室次卧,龙博苑一区,1700,25,http://bj.58.com/pinpaigongyu/30337287381684x.shtml
【整租】熊猫公寓 南磨房 北工大店,南磨房,4100-4250,30,http://bj.58.com/pinpaigongyu/30333420346057x.shtml
【整租】回龙观 新龙城 1室1厅,新龙城,4200,45,http://bj.58.com/pinpaigongyu/29934275708482x.shtml
【合租】北七家 白各庄新村 4室主卧,白各庄新村,1390,30,http://bj.58.com/pinpaigongyu/30348127482180x.shtml
【整租】熊猫公寓 南磨房 北工大店,南磨房,3000-4200,25,http://bj.58.com/pinpaigongyu/30335794148925x.shtml
【合租】西三旗 东村家园 3室主卧,东村家园,2200,20,http://bj.58.com/pinpaigongyu/30347875530319x.shtml
【整租】乐乎公寓 十里河 十里河店,十里河,3100-3500,30,http://bj.58.com/pinpaigongyu/30334110266812x.shtml
【整租】百子湾 尚帝佳公寓 1室0厅,【整租】百子湾,3000,32,http://bj.58.com/pinpaigongyu/29803642534727x.shtml
【合租】回龙观 新龙城二期 4室主卧,新龙城二期,1950,20,http://bj.58.com/pinpaigongyu/29905246659247x.shtml
【合租】亚运村 慧忠里小区 3室次卧,慧忠里小区,2200,20,http://bj.58.com/pinpaigongyu/30137351925684x.shtml
【整租】好客公寓 亦庄 好客公寓,亦庄,2700-2800,25,http://bj.58.com/pinpaigongyu/29127784775733x.shtml
【合租】回龙观 龙腾苑四区 3室次卧,龙腾苑四区,1730,17,http://bj.58.com/pinpaigongyu/30144947285444x.shtml
【合租】四惠 通惠家园惠润园 3室主卧,通惠家园惠润园,2240,17,http://bj.58.com/pinpaigongyu/30336484483135x.shtml
【合租】朝青板块 雅成一里 3室主卧,雅成一里,2680,12,http://bj.58.com/pinpaigongyu/30135905692997x.shtml
【整租】好客公寓 亦庄 好客公寓,亦庄,3300-3500,25,http://bj.58.com/pinpaigongyu/29071474815542x.shtml
【合租】崇文门 国瑞城中区 1室主卧,国瑞城中区,2300,26,http://bj.58.com/pinpaigongyu/30343618234283x.shtml
【整租】苹果园 房东直租押一付一 1室0厅,房东直租押一付一,1100,21,http://bj.58.com/pinpaigongyu/30343248943927x.shtml
【合租】黄村 佟家园小区 3室主卧,佟家园小区,1630,18,http://bj.58.com/pinpaigongyu/30147725358021x.shtml
【合租】西二旗 融泽嘉园8号院 3室主卧,融泽嘉园8号院,2380,23,http://bj.58.com/pinpaigongyu/30145227012547x.shtml
【整租】乐乎公寓 黄村 海子角店,黄村,1850-2450,30,http://bj.58.com/pinpaigongyu/30157754385616x.shtml
【合租】回龙观 龙博苑一区 3室次卧,龙博苑一区,1700,25,http://bj.58.com/pinpaigongyu/30337287381684x.shtml
【整租】熊猫公寓 南磨房 北工大店,南磨房,4100-4250,30,http://bj.58.com/pinpaigongyu/30333420346057x.shtml
【整租】回龙观 新龙城 1室1厅,新龙城,4200,45,http://bj.58.com/pinpaigongyu/29934275708482x.shtml
【合租】北七家 白各庄新村 4室主卧,白各庄新村,1390,30,http://bj.58.com/pinpaigongyu/30348127482180x.shtml
【整租】熊猫公寓 南磨房 北工大店,南磨房,3000-4200,25,http://bj.58.com/pinpaigongyu/30335794148925x.shtml
【合租】西三旗 东村家园 3室主卧,东村家园,2200,20,http://bj.58.com/pinpaigongyu/30347875530319x.shtml
【整租】乐乎公寓 十里河 十里河店,十里河,3100-3500,30,http://bj.58.com/pinpaigongyu/30334110266812x.shtml
【整租】百子湾 尚帝佳公寓 1室0厅,【整租】百子湾,3000,32,http://bj.58.com/pinpaigongyu/29803642534727x.shtml
【合租】回龙观 新龙城二期 4室主卧,新龙城二期,1950,20,http://bj.58.com/pinpaigongyu/29905246659247x.shtml
【合租】亚运村 慧忠里小区 3室次卧,慧忠里小区,2200,20,http://bj.58.com/pinpaigongyu/30137351925684x.shtml
【整租】好客公寓 亦庄 好客公寓,亦庄,2700-2800,25,http://bj.58.com/pinpaigongyu/29127784775733x.shtml
【合租】回龙观 龙腾苑四区 3室次卧,龙腾苑四区,1730,17,http://bj.58.com/pinpaigongyu/30144947285444x.shtml
【合租】四惠 通惠家园惠润园 3室主卧,通惠家园惠润园,2240,17,http://bj.58.com/pinpaigongyu/30336484483135x.shtml
【合租】朝青板块 雅成一里 3室主卧,雅成一里,2680,12,http://bj.58.com/pinpaigongyu/30135905692997x.shtml
【整租】好客公寓 亦庄 好客公寓,亦庄,3300-3500,25,http://bj.58.com/pinpaigongyu/29071474815542x.shtml
【合租】崇文门 国瑞城中区 1室主卧,国瑞城中区,2300,26,http://bj.58.com/pinpaigongyu/30343618234283x.shtml
【整租】苹果园 房东直租押一付一 1室0厅,房东直租押一付一,1100,21,http://bj.58.com/pinpaigongyu/30343248943927x.shtml
【合租】黄村 佟家园小区 3室主卧,佟家园小区,1630,18,http://bj.58.com/pinpaigongyu/30147725358021x.shtml
【合租】西二旗 融泽嘉园8号院 3室主卧,融泽嘉园8号院,2380,23,http://bj.58.com/pinpaigongyu/30145227012547x.shtml
【整租】乐乎公寓 黄村 海子角店,黄村,1850-2450,30,http://bj.58.com/pinpaigongyu/30157754385616x.shtml
【合租】回龙观 龙博苑一区 3室次卧,龙博苑一区,1700,25,http://bj.58.com/pinpaigongyu/30337287381684x.shtml
【整租】熊猫公寓 南磨房 北工大店,南磨房,4100-4250,30,http://bj.58.com/pinpaigongyu/30333420346057x.shtml
【整租】回龙观 新龙城 1室1厅,新龙城,4200,45,http://bj.58.com/pinpaigongyu/29934275708482x.shtml
【合租】北七家 白各庄新村 4室主卧,白各庄新村,1390,30,http://bj.58.com/pinpaigongyu/30348127482180x.shtml
【整租】熊猫公寓 南磨房 北工大店,南磨房,3000-4200,25,http://bj.58.com/pinpaigongyu/30335794148925x.shtml
【合租】西三旗 东村家园 3室主卧,东村家园,2200,20,http://bj.58.com/pinpaigongyu/30347875530319x.shtml
【整租】乐乎公寓 十里河 十里河店,十里河,3100-3500,30,http://bj.58.com/pinpaigongyu/30334110266812x.shtml
【整租】百子湾 尚帝佳公寓 1室0厅,【整租】百子湾,3000,32,http://bj.58.com/pinpaigongyu/29803642534727x.shtml
【合租】回龙观 新龙城二期 4室主卧,新龙城二期,1950,20,http://bj.58.com/pinpaigongyu/29905246659247x.shtml
【合租】物资学院路 慧合公寓 3室主卧,【合租】物资学院路,1960,20,http://bj.58.com/pinpaigongyu/30344313809334x.shtml
【整租】好客公寓 亦庄 好客公寓,亦庄,2700-2800,25,http://bj.58.com/pinpaigongyu/29127784775733x.shtml
【合租】龙泽 融泽嘉园二号院 2室次卧,融泽嘉园二号院,2080,16,http://bj.58.com/pinpaigongyu/30155486641090x.shtml
【合租】肖家河 肖家河回迁住宅 3室主卧,肖家河回迁住宅,2300,18,http://bj.58.com/pinpaigongyu/30324808008383x.shtml
【合租】亚运村 慧忠里小区 3室次卧,慧忠里小区,2200,20,http://bj.58.com/pinpaigongyu/30137351925684x.shtml
【整租】好客公寓 亦庄 好客公寓,亦庄,3300-3500,25,http://bj.58.com/pinpaigongyu/29071474815542x.shtml
【合租】回龙观 龙腾苑四区 3室次卧,龙腾苑四区,1730,17,http://bj.58.com/pinpaigongyu/30144947285444x.shtml
【合租】四惠 通惠家园惠润园 3室主卧,通惠家园惠润园,2240,17,http://bj.58.com/pinpaigongyu/30336484483135x.shtml
【合租】朝青板块 雅成一里 3室主卧,雅成一里,2680,12,http://bj.58.com/pinpaigongyu/30135905692997x.shtml
【合租】朝青板块 汇成家园 3室主卧,汇成家园,3880,14,http://bj.58.com/pinpaigongyu/30333969902270x.shtml
【整租】乐乎公寓 黄村 海子角店,黄村,1850-2450,30,http://bj.58.com/pinpaigongyu/30157754385616x.shtml
【合租】回龙观 龙博苑一区 3室次卧,龙博苑一区,1700,25,http://bj.58.com/pinpaigongyu/30337287381684x.shtml
【整租】熊猫公寓 南磨房 北工大店,南磨房,4100-4250,30,http://bj.58.com/pinpaigongyu/30333420346057x.shtml
【整租】回龙观 新龙城 1室1厅,新龙城,4200,45,http://bj.58.com/pinpaigongyu/29934275708482x.shtml
【合租】北七家 白各庄新村 4室主卧,白各庄新村,1390,30,http://bj.58.com/pinpaigongyu/30348127482180x.shtml
【整租】熊猫公寓 南磨房 北工大店,南磨房,3000-4200,25,http://bj.58.com/pinpaigongyu/30335794148925x.shtml
【合租】西三旗 东村家园 3室主卧,东村家园,2200,20,http://bj.58.com/pinpaigongyu/30347875530319x.shtml
【整租】乐乎公寓 十里河 十里河店,十里河,3100-3500,30,http://bj.58.com/pinpaigongyu/30334110266812x.shtml
【整租】百子湾 尚帝佳公寓 1室0厅,【整租】百子湾,3000,32,http://bj.58.com/pinpaigongyu/29803642534727x.shtml
【合租】回龙观 新龙城二期 4室主卧,新龙城二期,1950,20,http://bj.58.com/pinpaigongyu/29905246659247x.shtml
【合租】物资学院路 慧合公寓 3室主卧,【合租】物资学院路,1960,20,http://bj.58.com/pinpaigongyu/30344313809334x.shtml
【整租】好客公寓 亦庄 好客公寓,亦庄,2700-2800,25,http://bj.58.com/pinpaigongyu/29127784775733x.shtml
【合租】龙泽 融泽嘉园二号院 2室次卧,融泽嘉园二号院,2080,16,http://bj.58.com/pinpaigongyu/30155486641090x.shtml
【合租】肖家河 肖家河回迁住宅 3室主卧,肖家河回迁住宅,2300,18,http://bj.58.com/pinpaigongyu/30324808008383x.shtml
【合租】亚运村 慧忠里小区 3室次卧,慧忠里小区,2200,20,http://bj.58.com/pinpaigongyu/30137351925684x.shtml
【整租】好客公寓 亦庄 好客公寓,亦庄,3300-3500,25,http://bj.58.com/pinpaigongyu/29071474815542x.shtml
【合租】回龙观 龙腾苑四区 3室次卧,龙腾苑四区,1730,17,http://bj.58.com/pinpaigongyu/30144947285444x.shtml
【合租】四惠 通惠家园惠润园 3室主卧,通惠家园惠润园,2240,17,http://bj.58.com/pinpaigongyu/30336484483135x.shtml
【合租】朝青板块 雅成一里 3室主卧,雅成一里,2680,12,http://bj.58.com/pinpaigongyu/30135905692997x.shtml
【合租】朝青板块 汇成家园 3室主卧,汇成家园,3880,14,http://bj.58.com/pinpaigongyu/30333969902270x.shtml
【整租】乐乎公寓 黄村 海子角店,黄村,1850-2450,30,http://bj.58.com/pinpaigongyu/30157754385616x.shtml
【合租】龙泽 新龙城 3室主卧,新龙城,2060,18,http://bj.58.com/pinpaigongyu/29905031925547x.shtml
【整租】熊猫公寓 南磨房 北工大店,南磨房,4100-4250,30,http://bj.58.com/pinpaigongyu/30333420346057x.shtml
【整租】双井 乐乎公寓 1室1厅,【整租】双井,3999,40,http://bj.58.com/pinpaigongyu/30336479804873x.shtml
【整租】回龙观 新龙城 1室1厅,新龙城,4200,45,http://bj.58.com/pinpaigongyu/29934275708482x.shtml
【整租】熊猫公寓 南磨房 北工大店,南磨房,3000-4200,25,http://bj.58.com/pinpaigongyu/30335794148925x.shtml
【合租】回龙观 龙兴园西区 3室主卧,龙兴园西区,1950,20,http://bj.58.com/pinpaigongyu/30347826460201x.shtml
【整租】乐乎公寓 十里河 十里河店,十里河,3100-3500,30,http://bj.58.com/pinpaigongyu/30334110266812x.shtml
【合租】龙泽 新龙城 3室主卧,新龙城,2400,25,http://bj.58.com/pinpaigongyu/30000794165553x.shtml
【整租】百子湾 尚帝佳公寓 1室0厅,【整租】百子湾,3000,32,http://bj.58.com/pinpaigongyu/29803642534727x.shtml
【合租】西北旺 大牛坊一期 3室主卧,大牛坊一期,1890,20,http://bj.58.com/pinpaigongyu/30155840042562x.shtml
【整租】好客公寓 亦庄 好客公寓,亦庄,2700-2800,25,http://bj.58.com/pinpaigongyu/29127784775733x.shtml
【合租】黄村 佟家园小区 4室主卧,佟家园小区,1480,18,http://bj.58.com/pinpaigongyu/30146525653810x.shtml
【合租】双桥 金隅康惠园 3室主卧,金隅康惠园,2150,19,http://bj.58.com/pinpaigongyu/30335731001157x.shtml
【整租】四惠 东恒时代一期 4室2厅,东恒时代一期,3600,32,http://bj.58.com/pinpaigongyu/30335949529279x.shtml
【整租】好客公寓 亦庄 好客公寓,亦庄,3300-3500,25,http://bj.58.com/pinpaigongyu/29071474815542x.shtml
【合租】芍药居 芍药居北里小区 3室次卧,芍药居北里小区,1700,18,http://bj.58.com/pinpaigongyu/30135663582775x.shtml
【合租】龙泽 融泽嘉园二号院 2室次卧,融泽嘉园二号院,2080,16,http://bj.58.com/pinpaigongyu/30155486641090x.shtml
【合租】肖家河 肖家河回迁住宅 3室主卧,肖家河回迁住宅,2300,18,http://bj.58.com/pinpaigongyu/30324808008383x.shtml
【合租】亚运村 慧忠里小区 3室次卧,慧忠里小区,2200,20,http://bj.58.com/pinpaigongyu/30137351925684x.shtml
【整租】乐乎公寓 黄村 海子角店,黄村,1850-2450,30,http://bj.58.com/pinpaigongyu/30157754385616x.shtml
【合租】龙泽 新龙城 3室主卧,新龙城,2060,18,http://bj.58.com/pinpaigongyu/29905031925547x.shtml
【整租】熊猫公寓 南磨房 北工大店,南磨房,4100-4250,30,http://bj.58.com/pinpaigongyu/30333420346057x.shtml
【整租】双井 乐乎公寓 1室1厅,【整租】双井,3999,40,http://bj.58.com/pinpaigongyu/30336479804873x.shtml
【整租】回龙观 新龙城 1室1厅,新龙城,4200,45,http://bj.58.com/pinpaigongyu/29934275708482x.shtml
【整租】熊猫公寓 南磨房 北工大店,南磨房,3000-4200,25,http://bj.58.com/pinpaigongyu/30335794148925x.shtml
【合租】回龙观 龙兴园西区 3室主卧,龙兴园西区,1950,20,http://bj.58.com/pinpaigongyu/30347826460201x.shtml
【整租】乐乎公寓 十里河 十里河店,十里河,3100-3500,30,http://bj.58.com/pinpaigongyu/30334110266812x.shtml
【合租】龙泽 新龙城 3室主卧,新龙城,2400,25,http://bj.58.com/pinpaigongyu/30000794165553x.shtml
【整租】百子湾 尚帝佳公寓 1室0厅,【整租】百子湾,3000,32,http://bj.58.com/pinpaigongyu/29803642534727x.shtml
【合租】西北旺 大牛坊一期 3室主卧,大牛坊一期,1890,20,http://bj.58.com/pinpaigongyu/30155840042562x.shtml
【整租】好客公寓 亦庄 好客公寓,亦庄,2700-2800,25,http://bj.58.com/pinpaigongyu/29127784775733x.shtml
【合租】黄村 佟家园小区 4室主卧,佟家园小区,1480,18,http://bj.58.com/pinpaigongyu/30146525653810x.shtml
【合租】双桥 金隅康惠园 3室主卧,金隅康惠园,2150,19,http://bj.58.com/pinpaigongyu/30335731001157x.shtml
【整租】四惠 东恒时代一期 4室2厅,东恒时代一期,3600,32,http://bj.58.com/pinpaigongyu/30335949529279x.shtml
【整租】好客公寓 亦庄 好客公寓,亦庄,3300-3500,25,http://bj.58.com/pinpaigongyu/29071474815542x.shtml
【合租】芍药居 芍药居北里小区 3室次卧,芍药居北里小区,1700,18,http://bj.58.com/pinpaigongyu/30135663582775x.shtml
【合租】龙泽 融泽嘉园二号院 2室次卧,融泽嘉园二号院,2080,16,http://bj.58.com/pinpaigongyu/30155486641090x.shtml
【合租】肖家河 肖家河回迁住宅 3室主卧,肖家河回迁住宅,2300,18,http://bj.58.com/pinpaigongyu/30324808008383x.shtml
【合租】亚运村 慧忠里小区 3室次卧,慧忠里小区,2200,20,http://bj.58.com/pinpaigongyu/30137351925684x.shtml
